SEQUENCE,CLASSIFICATION
ERR2576718.1.1,Non-viral
ERR2576718.2.1,Non-viral
ERR2576718.3.1,Non-viral
ERR2576718.4.1,Non-viral
ERR2576718.5.1,Non-viral
ERR2576718.6.1,Non-viral
ERR2576718.7.1,Non-viral
ERR2576718.8.1,Non-viral
ERR2576718.9.1,Non-viral
ERR2576718.10.1,Non-viral
ERR2576718.11.1,Non-viral
ERR2576718.12.1,Non-viral
ERR2576718.13.1,Non-viral
ERR2576718.14.1,Non-viral
ERR2576718.15.1,Non-viral
ERR2576718.16.1,Non-viral
ERR2576718.17.1,Non-viral
ERR2576718.18.1,Non-viral
ERR2576718.19.1,Non-viral
ERR2576718.20.1,Non-viral
ERR2576718.21.1,Non-viral
ERR2576718.22.1,Non-viral
ERR2576718.23.1,Non-viral
ERR2576718.24.1,Non-viral
ERR2576718.25.1,Non-viral
ERR2576718.26.1,Non-viral
ERR2576718.27.1,Non-viral
ERR2576718.28.1,Non-viral
ERR2576718.29.1,Non-viral
ERR2576718.30.1,Non-viral
ERR2576718.31.1,Non-viral
ERR2576718.32.1,Non-viral
ERR2576718.33.1,Non-viral
ERR2576718.34.1,Non-viral
ERR2576718.35.1,Non-viral
ERR2576718.36.1,Non-viral
ERR2576718.37.1,Non-viral
ERR2576718.38.1,Non-viral
ERR2576718.39.1,Non-viral
ERR2576718.40.1,Non-viral
ERR2576718.41.1,Non-viral
ERR2576718.42.1,Non-viral
ERR2576718.43.1,Non-viral
ERR2576718.44.1,Non-viral
ERR2576718.45.1,Non-viral
ERR2576718.46.1,Non-viral
ERR2576718.47.1,Non-viral
ERR2576718.48.1,Non-viral
ERR2576718.49.1,Non-viral
ERR2576718.50.1,Non-viral
ERR2576718.51.1,Non-viral
ERR2576718.52.1,Non-viral
ERR2576718.53.1,Non-viral
ERR2576718.54.1,Non-viral
ERR2576718.55.1,Non-viral
ERR2576718.56.1,Non-viral
ERR2576718.57.1,Non-viral
ERR2576718.58.1,Non-viral
ERR2576718.59.1,Non-viral
ERR2576718.60.1,Non-viral
ERR2576718.61.1,Non-viral
ERR2576718.62.1,Non-viral
ERR2576718.63.1,Non-viral
ERR2576718.64.1,Non-viral
ERR2576718.65.1,Non-viral
ERR2576718.66.1,Non-viral
ERR2576718.67.1,Non-viral
ERR2576718.68.1,Non-viral
ERR2576718.69.1,Non-viral
ERR2576718.70.1,Non-viral
ERR2576718.71.1,Non-viral
ERR2576718.72.1,Non-viral
ERR2576718.73.1,Non-viral
ERR2576718.74.1,Non-viral
ERR2576718.75.1,Non-viral
ERR2576718.76.1,Non-viral
ERR2576718.77.1,Non-viral
ERR2576718.78.1,Non-viral
ERR2576718.79.1,Non-viral
ERR2576718.80.1,Non-viral
ERR2576718.81.1,Non-viral
ERR2576718.82.1,Non-viral
ERR2576718.83.1,Non-viral
ERR2576718.84.1,Non-viral
ERR2576718.85.1,Non-viral
ERR2576718.86.1,Non-viral
ERR2576718.87.1,Non-viral
ERR2576718.88.1,Non-viral
ERR2576718.89.1,Non-viral
ERR2576718.90.1,Non-viral
ERR2576718.91.1,Non-viral
ERR2576718.92.1,Non-viral
ERR2576718.93.1,Non-viral
ERR2576718.94.1,Non-viral
ERR2576718.95.1,Non-viral
ERR2576718.96.1,Non-viral
ERR2576718.97.1,Non-viral
ERR2576718.98.1,Non-viral
ERR2576718.99.1,Non-viral
ERR2576718.100.1,Non-viral
ERR2576718.101.1,Non-viral
ERR2576718.102.1,Non-viral
ERR2576718.103.1,Non-viral
ERR2576718.104.1,Non-viral
ERR2576718.105.1,Non-viral
ERR2576718.106.1,Non-viral
ERR2576718.107.1,Non-viral
ERR2576718.108.1,Non-viral
ERR2576718.109.1,Non-viral
ERR2576718.110.1,Non-viral
ERR2576718.111.1,Non-viral
ERR2576718.112.1,Non-viral
ERR2576718.113.1,Non-viral
ERR2576718.114.1,Non-viral
ERR2576718.115.1,Non-viral
ERR2576718.116.1,Non-viral
ERR2576718.117.1,Non-viral
ERR2576718.118.1,Non-viral
ERR2576718.119.1,Non-viral
ERR2576718.120.1,Non-viral
ERR2576718.121.1,Non-viral
ERR2576718.122.1,Non-viral
ERR2576718.123.1,Non-viral
ERR2576718.124.1,Non-viral
ERR2576718.125.1,Non-viral
ERR2576718.126.1,Non-viral
ERR2576718.127.1,Non-viral
ERR2576718.128.1,Non-viral
ERR2576718.129.1,Non-viral
ERR2576718.130.1,Non-viral
ERR2576718.131.1,Non-viral
ERR2576718.132.1,Non-viral
ERR2576718.133.1,Non-viral
ERR2576718.134.1,Non-viral
ERR2576718.135.1,Non-viral
ERR2576718.136.1,Non-viral
ERR2576718.137.1,Non-viral
ERR2576718.138.1,Non-viral
ERR2576718.139.1,Non-viral
ERR2576718.140.1,Non-viral
ERR2576718.141.1,Non-viral
ERR2576718.142.1,Non-viral
ERR2576718.143.1,Non-viral
ERR2576718.144.1,Non-viral
ERR2576718.145.1,Non-viral
ERR2576718.146.1,Non-viral
ERR2576718.147.1,Non-viral
ERR2576718.148.1,Non-viral
ERR2576718.149.1,Non-viral
ERR2576718.150.1,Non-viral
ERR2576718.151.1,Non-viral
ERR2576718.152.1,Non-viral
ERR2576718.153.1,Non-viral
ERR2576718.154.1,Non-viral
ERR2576718.155.1,Non-viral
ERR2576718.156.1,Non-viral
ERR2576718.157.1,Non-viral
ERR2576718.158.1,Non-viral
ERR2576718.159.1,Non-viral
ERR2576718.160.1,Non-viral
ERR2576718.161.1,Non-viral
ERR2576718.162.1,Non-viral
ERR2576718.163.1,Non-viral
ERR2576718.164.1,Non-viral
ERR2576718.165.1,Non-viral
ERR2576718.166.1,Non-viral
ERR2576718.167.1,Non-viral
ERR2576718.168.1,Non-viral
ERR2576718.169.1,Non-viral
ERR2576718.170.1,Non-viral
ERR2576718.171.1,Non-viral
ERR2576718.172.1,Non-viral
ERR2576718.173.1,Non-viral
ERR2576718.174.1,Non-viral
ERR2576718.175.1,Non-viral
ERR2576718.176.1,Non-viral
ERR2576718.177.1,Non-viral
ERR2576718.178.1,Non-viral
ERR2576718.179.1,Non-viral
ERR2576718.180.1,Non-viral
ERR2576718.181.1,Non-viral
ERR2576718.182.1,Non-viral
ERR2576718.183.1,Non-viral
ERR2576718.184.1,Non-viral
ERR2576718.185.1,Non-viral
ERR2576718.186.1,Non-viral
ERR2576718.187.1,Non-viral
ERR2576718.188.1,Non-viral
ERR2576718.189.1,Non-viral
ERR2576718.190.1,Non-viral
ERR2576718.191.1,Non-viral
ERR2576718.192.1,Non-viral
ERR2576718.193.1,Non-viral
ERR2576718.194.1,Non-viral
ERR2576718.195.1,Non-viral
ERR2576718.196.1,Non-viral
ERR2576718.197.1,Non-viral
ERR2576718.198.1,Non-viral
ERR2576718.199.1,Non-viral
ERR2576718.200.1,Non-viral
ERR2576718.201.1,Non-viral
ERR2576718.202.1,Non-viral
ERR2576718.203.1,Non-viral
ERR2576718.204.1,Non-viral
ERR2576718.205.1,Non-viral
ERR2576718.206.1,Non-viral
ERR2576718.207.1,Non-viral
ERR2576718.208.1,Non-viral
ERR2576718.209.1,Non-viral
ERR2576718.210.1,Non-viral
ERR2576718.211.1,Non-viral
ERR2576718.212.1,Non-viral
ERR2576718.213.1,Non-viral
ERR2576718.214.1,Non-viral
ERR2576718.215.1,Non-viral
ERR2576718.216.1,Non-viral
ERR2576718.217.1,Non-viral
ERR2576718.218.1,Non-viral
ERR2576718.219.1,Non-viral
ERR2576718.220.1,Non-viral
ERR2576718.221.1,Non-viral
ERR2576718.222.1,Non-viral
ERR2576718.223.1,Non-viral
ERR2576718.224.1,Non-viral
ERR2576718.225.1,Non-viral
ERR2576718.226.1,Non-viral
ERR2576718.227.1,Non-viral
ERR2576718.228.1,Non-viral
ERR2576718.229.1,Non-viral
ERR2576718.230.1,Non-viral
ERR2576718.231.1,Non-viral
ERR2576718.232.1,Non-viral
ERR2576718.233.1,Non-viral
ERR2576718.234.1,Non-viral
ERR2576718.235.1,Non-viral
ERR2576718.236.1,Non-viral
ERR2576718.237.1,Non-viral
ERR2576718.238.1,Non-viral
ERR2576718.239.1,Non-viral
ERR2576718.240.1,Non-viral
ERR2576718.241.1,Non-viral
ERR2576718.242.1,Non-viral
ERR2576718.243.1,Non-viral
ERR2576718.244.1,Non-viral
ERR2576718.245.1,Non-viral
ERR2576718.246.1,Non-viral
ERR2576718.247.1,Non-viral
ERR2576718.248.1,Non-viral
ERR2576718.249.1,Non-viral
ERR2576718.250.1,Non-viral
ERR2576718.251.1,Non-viral
ERR2576718.252.1,Non-viral
ERR2576718.253.1,Non-viral
ERR2576718.254.1,Non-viral
ERR2576718.255.1,Non-viral
ERR2576718.256.1,Non-viral
ERR2576718.257.1,Non-viral
ERR2576718.258.1,Non-viral
ERR2576718.259.1,Non-viral
ERR2576718.260.1,Non-viral
ERR2576718.261.1,Non-viral
ERR2576718.262.1,Non-viral
ERR2576718.263.1,Non-viral
ERR2576718.264.1,Non-viral
ERR2576718.265.1,Non-viral
ERR2576718.266.1,Non-viral
ERR2576718.267.1,Non-viral
ERR2576718.268.1,Non-viral
ERR2576718.269.1,Non-viral
ERR2576718.270.1,Non-viral
ERR2576718.271.1,Non-viral
ERR2576718.272.1,Non-viral
ERR2576718.273.1,Non-viral
ERR2576718.274.1,Non-viral
ERR2576718.275.1,Non-viral
ERR2576718.276.1,Non-viral
ERR2576718.277.1,Non-viral
ERR2576718.278.1,Non-viral
ERR2576718.279.1,Non-viral
ERR2576718.280.1,Non-viral
ERR2576718.281.1,Non-viral
ERR2576718.282.1,Non-viral
ERR2576718.283.1,Non-viral
ERR2576718.284.1,Non-viral
ERR2576718.285.1,Non-viral
ERR2576718.286.1,Non-viral
ERR2576718.287.1,Non-viral
ERR2576718.288.1,Non-viral
ERR2576718.289.1,Non-viral
ERR2576718.290.1,Non-viral
ERR2576718.291.1,Non-viral
ERR2576718.292.1,Non-viral
ERR2576718.293.1,Non-viral
ERR2576718.294.1,Non-viral
ERR2576718.295.1,Non-viral
ERR2576718.296.1,Non-viral
ERR2576718.297.1,Non-viral
ERR2576718.298.1,Non-viral
ERR2576718.299.1,Non-viral
ERR2576718.300.1,Non-viral
ERR2576718.301.1,Non-viral
ERR2576718.302.1,Non-viral
ERR2576718.303.1,Non-viral
ERR2576718.304.1,Non-viral
ERR2576718.305.1,Non-viral
ERR2576718.306.1,Non-viral
ERR2576718.307.1,Non-viral
ERR2576718.308.1,Non-viral
ERR2576718.309.1,Non-viral
ERR2576718.310.1,Non-viral
ERR2576718.311.1,Non-viral
ERR2576718.312.1,Non-viral
ERR2576718.313.1,Non-viral
ERR2576718.314.1,Non-viral
ERR2576718.315.1,Non-viral
ERR2576718.316.1,Non-viral
ERR2576718.317.1,Non-viral
ERR2576718.318.1,Non-viral
ERR2576718.319.1,Non-viral
ERR2576718.320.1,Non-viral
ERR2576718.321.1,Non-viral
ERR2576718.322.1,Non-viral
ERR2576718.323.1,Non-viral
ERR2576718.324.1,Non-viral
ERR2576718.325.1,Non-viral
ERR2576718.326.1,Non-viral
ERR2576718.327.1,Non-viral
ERR2576718.328.1,Non-viral
ERR2576718.329.1,Non-viral
ERR2576718.330.1,Non-viral
ERR2576718.331.1,Non-viral
ERR2576718.332.1,Non-viral
ERR2576718.333.1,Non-viral
ERR2576718.334.1,Non-viral
ERR2576718.335.1,Non-viral
ERR2576718.336.1,Non-viral
ERR2576718.337.1,Non-viral
ERR2576718.338.1,Non-viral
ERR2576718.339.1,Non-viral
ERR2576718.340.1,Non-viral
ERR2576718.341.1,Non-viral
ERR2576718.342.1,Non-viral
ERR2576718.343.1,Non-viral
ERR2576718.344.1,Non-viral
ERR2576718.345.1,Non-viral
ERR2576718.346.1,Non-viral
ERR2576718.347.1,Non-viral
ERR2576718.348.1,Non-viral
ERR2576718.349.1,Non-viral
ERR2576718.350.1,Non-viral
ERR2576718.351.1,Non-viral
ERR2576718.352.1,Non-viral
ERR2576718.353.1,Non-viral
ERR2576718.354.1,Non-viral
ERR2576718.355.1,Non-viral
ERR2576718.356.1,Non-viral
ERR2576718.357.1,Non-viral
ERR2576718.358.1,Non-viral
ERR2576718.359.1,Non-viral
ERR2576718.360.1,Non-viral
ERR2576718.361.1,Non-viral
ERR2576718.362.1,Non-viral
ERR2576718.363.1,Non-viral
ERR2576718.364.1,Non-viral
ERR2576718.365.1,Non-viral
ERR2576718.366.1,Non-viral
ERR2576718.367.1,Non-viral
ERR2576718.368.1,Non-viral
ERR2576718.369.1,Non-viral
ERR2576718.370.1,Non-viral
ERR2576718.371.1,Non-viral
ERR2576718.372.1,Non-viral
ERR2576718.373.1,Non-viral
ERR2576718.374.1,Non-viral
ERR2576718.375.1,Non-viral
ERR2576718.376.1,Non-viral
ERR2576718.377.1,Non-viral
ERR2576718.378.1,Non-viral
ERR2576718.379.1,Non-viral
ERR2576718.380.1,Non-viral
ERR2576718.381.1,Non-viral
ERR2576718.382.1,Non-viral
ERR2576718.383.1,Non-viral
ERR2576718.384.1,Non-viral
ERR2576718.385.1,Non-viral
ERR2576718.386.1,Non-viral
ERR2576718.387.1,Non-viral
ERR2576718.388.1,Non-viral
ERR2576718.389.1,Non-viral
ERR2576718.390.1,Non-viral
ERR2576718.391.1,Non-viral
ERR2576718.392.1,Non-viral
ERR2576718.393.1,Non-viral
ERR2576718.394.1,Non-viral
ERR2576718.395.1,Non-viral
ERR2576718.396.1,Non-viral
ERR2576718.397.1,Non-viral
ERR2576718.398.1,Non-viral
ERR2576718.399.1,Non-viral
ERR2576718.400.1,Non-viral
ERR2576718.401.1,Non-viral
ERR2576718.402.1,Non-viral
ERR2576718.403.1,Non-viral
ERR2576718.404.1,Non-viral
ERR2576718.405.1,Non-viral
ERR2576718.406.1,Non-viral
ERR2576718.407.1,Non-viral
ERR2576718.408.1,Non-viral
ERR2576718.409.1,Non-viral
ERR2576718.410.1,Non-viral
ERR2576718.411.1,Non-viral
ERR2576718.412.1,Non-viral
ERR2576718.413.1,Non-viral
ERR2576718.414.1,Non-viral
ERR2576718.415.1,Non-viral
ERR2576718.416.1,Non-viral
ERR2576718.417.1,Non-viral
ERR2576718.418.1,Non-viral
ERR2576718.419.1,Non-viral
ERR2576718.420.1,Non-viral
ERR2576718.421.1,Non-viral
ERR2576718.422.1,Non-viral
ERR2576718.423.1,Non-viral
ERR2576718.424.1,Non-viral
ERR2576718.425.1,Non-viral
ERR2576718.426.1,Non-viral
ERR2576718.427.1,Non-viral
ERR2576718.428.1,Non-viral
ERR2576718.429.1,Non-viral
ERR2576718.430.1,Non-viral
ERR2576718.431.1,Non-viral
ERR2576718.432.1,Non-viral
ERR2576718.433.1,Non-viral
ERR2576718.434.1,Non-viral
ERR2576718.435.1,Non-viral
ERR2576718.436.1,Non-viral
ERR2576718.437.1,Non-viral
ERR2576718.438.1,Non-viral
ERR2576718.439.1,Non-viral
ERR2576718.440.1,Non-viral
ERR2576718.441.1,Non-viral
ERR2576718.442.1,Non-viral
ERR2576718.443.1,Non-viral
ERR2576718.444.1,Non-viral
ERR2576718.445.1,Non-viral
ERR2576718.446.1,Non-viral
ERR2576718.447.1,Non-viral
ERR2576718.448.1,Non-viral
ERR2576718.449.1,Non-viral
ERR2576718.450.1,Non-viral
ERR2576718.451.1,Non-viral
ERR2576718.452.1,Non-viral
SRR25317595.419.1,Viral
SRR25317595.542.1,Viral
SRR25317595.616.1,Viral
SRR25317595.650.1,Viral
SRR25317595.1058.1,Viral
SRR25317595.1097.1,Viral
SRR25317595.1212.1,Viral
SRR25317595.1228.1,Viral
SRR25317595.1498.1,Viral
SRR25317595.2040.1,Viral
SRR25317595.2054.1,Viral
SRR25317595.2158.1,Viral
SRR25317595.2640.1,Viral
SRR25317595.2697.1,Viral
SRR25317595.2817.1,Viral
SRR25317595.2999.1,Viral
SRR25317595.3101.1,Viral
SRR25317595.3137.1,Viral
SRR25317595.3193.1,Viral
SRR25317595.3249.1,Viral
SRR25317595.3305.1,Viral
SRR25317595.3838.1,Viral
SRR25317595.3870.1,Viral
SRR25317595.3873.1,Viral
SRR25317595.3918.1,Viral
SRR25317595.3944.1,Viral
SRR25317595.4117.1,Viral
SRR25317595.4318.1,Viral
SRR25317595.4329.1,Viral
SRR25317595.4914.1,Viral
SRR25317595.5157.1,Viral
SRR25317595.5421.1,Viral
SRR25317595.5510.1,Viral
SRR25317595.5551.1,Viral
SRR25317595.5616.1,Viral
SRR25317595.5617.1,Viral
SRR25317595.5681.1,Viral
SRR25317595.5925.1,Viral
SRR25317595.5960.1,Viral
SRR25317595.6015.1,Viral
SRR25317595.6109.1,Viral
SRR25317595.6271.1,Viral
SRR25317595.6326.1,Viral
SRR25317595.6386.1,Viral
SRR25317595.6613.1,Viral
SRR25317595.6642.1,Viral
SRR25317595.6685.1,Viral
SRR25317595.6726.1,Viral
SRR25317595.6805.1,Viral
SRR25317595.7116.1,Viral
SRR25317595.7251.1,Viral
SRR25317595.7310.1,Viral
SRR25317595.7342.1,Viral
SRR25317595.7467.1,Viral
SRR25317595.7709.1,Viral
SRR25317595.7860.1,Viral
SRR25317595.7978.1,Viral
SRR25317595.8004.1,Viral
SRR25317595.8095.1,Viral
SRR25317595.8110.1,Viral
SRR25317595.8133.1,Viral
SRR25317595.8198.1,Viral
SRR25317595.8720.1,Viral
SRR25317595.8723.1,Viral
SRR25317595.8743.1,Viral
SRR25317595.8887.1,Viral
SRR25317595.9235.1,Viral
SRR25317595.9298.1,Viral
SRR25317595.9480.1,Viral
SRR25317595.10172.1,Viral
SRR25317595.10177.1,Viral
SRR25317595.10206.1,Viral
SRR25317595.10358.1,Viral
SRR25317595.10458.1,Viral
SRR25317595.10689.1,Viral
SRR25317595.10906.1,Viral
SRR25317595.11079.1,Viral
SRR25317595.11245.1,Viral
SRR25317595.11314.1,Viral
SRR25317595.11514.1,Viral
SRR25317595.11666.1,Viral
SRR25317595.11737.1,Viral
SRR25317595.11848.1,Viral
SRR25317595.11911.1,Viral
SRR25317595.11969.1,Viral
SRR25317595.12108.1,Viral
SRR25317595.12135.1,Viral
SRR25317595.12172.1,Viral
SRR25317595.12200.1,Viral
SRR25317595.12301.1,Viral
SRR25317595.12844.1,Viral
SRR25317595.12904.1,Viral
SRR25317595.13336.1,Viral
SRR25317595.13682.1,Viral
SRR25317595.13827.1,Viral
SRR25317595.13860.1,Viral
SRR25317595.14827.1,Viral
SRR25317595.14948.1,Viral
SRR25317595.15152.1,Viral
SRR25317595.15171.1,Viral
SRR25317595.15447.1,Viral
SRR25317595.15720.1,Viral
SRR25317595.15748.1,Viral
SRR25317595.15791.1,Viral
SRR25317595.16058.1,Viral
SRR25317595.16108.1,Viral
SRR25317595.16293.1,Viral
SRR25317595.16353.1,Viral
SRR25317595.16390.1,Viral
SRR25317595.16530.1,Viral
SRR25317595.16647.1,Viral
SRR25317595.16652.1,Viral
SRR25317595.17043.1,Viral
SRR25317595.17304.1,Viral
SRR25317595.17444.1,Viral
SRR25317595.17526.1,Viral
SRR25317595.17578.1,Viral
SRR25317595.17673.1,Viral
SRR25317595.17677.1,Viral
SRR25317595.18054.1,Viral
SRR25317595.18186.1,Viral
SRR25317595.18606.1,Viral
SRR25317595.18622.1,Viral
SRR25317595.18654.1,Viral
SRR25317595.18668.1,Viral
SRR25317595.19054.1,Viral
SRR25317595.19222.1,Viral
SRR25317595.19242.1,Viral
SRR25317595.19677.1,Viral
SRR25317595.19782.1,Viral
SRR25317595.20095.1,Viral
SRR25317595.20201.1,Viral
SRR25317595.20408.1,Viral
SRR25317595.20758.1,Viral
SRR25317595.21120.1,Viral
SRR25317595.21146.1,Viral
SRR25317595.21248.1,Viral
SRR25317595.21358.1,Viral
SRR25317595.21966.1,Viral
SRR25317595.21991.1,Viral
SRR25317595.22042.1,Viral
SRR25317595.22178.1,Viral
SRR25317595.22367.1,Viral
SRR25317595.22569.1,Viral
SRR25317595.23277.1,Viral
SRR25317595.23660.1,Viral
SRR25317595.23958.1,Viral
SRR25317595.23971.1,Viral
SRR25317595.23991.1,Viral
SRR25317595.24002.1,Viral
SRR25317595.24041.1,Viral
SRR25317595.24168.1,Viral
SRR25317595.24262.1,Viral
SRR25317595.24436.1,Viral
SRR25317595.24493.1,Viral
SRR25317595.24695.1,Viral
SRR25317595.24924.1,Viral
SRR25317595.24937.1,Viral
SRR25317595.24983.1,Viral
SRR25317595.25047.1,Viral
SRR25317595.25170.1,Viral
SRR25317595.25188.1,Viral
SRR25317595.25226.1,Viral
SRR25317595.25266.1,Viral
SRR25317595.25421.1,Viral
SRR25317595.25564.1,Viral
SRR25317595.25863.1,Viral
SRR25317595.26256.1,Viral
SRR25317595.26457.1,Viral
SRR25317595.26510.1,Viral
SRR25317595.26795.1,Viral
SRR25317595.26848.1,Viral
SRR25317595.26921.1,Viral
SRR25317595.27221.1,Viral
SRR25317595.27312.1,Viral
SRR25317595.27404.1,Viral
SRR25317595.27505.1,Viral
SRR25317595.27543.1,Viral
SRR25317595.28074.1,Viral
SRR25317595.28324.1,Viral
SRR25317595.28354.1,Viral
SRR25317595.28374.1,Viral
SRR25317595.28545.1,Viral
SRR25317595.28564.1,Viral
SRR25317595.28698.1,Viral
SRR25317595.28756.1,Viral
SRR25317595.28779.1,Viral
SRR25317595.28982.1,Viral
SRR25317595.29207.1,Viral
SRR25317595.29324.1,Viral
SRR25317595.29403.1,Viral
SRR25317595.29449.1,Viral
SRR25317595.30039.1,Viral
SRR25317595.30463.1,Viral
SRR25317595.30539.1,Viral
SRR25317595.30555.1,Viral
SRR25317595.30637.1,Viral
SRR25317595.30649.1,Viral
SRR25317595.30681.1,Viral
SRR25317595.30733.1,Viral
SRR25317595.30957.1,Viral
SRR25317595.31094.1,Viral
SRR25317595.31106.1,Viral
SRR25317595.31343.1,Viral
SRR25317595.31403.1,Viral
SRR25317595.31450.1,Viral
SRR25317595.31680.1,Viral
SRR25317595.31753.1,Viral
SRR25317595.31841.1,Viral
SRR25317595.31961.1,Viral
SRR25317595.32252.1,Viral
SRR25317595.32283.1,Viral
SRR25317595.32303.1,Viral
SRR25317595.32351.1,Viral
SRR25317595.32540.1,Viral
SRR25317595.32662.1,Viral
SRR25317595.32727.1,Viral
SRR25317595.32860.1,Viral
SRR25317595.33007.1,Viral
SRR25317595.33264.1,Viral
SRR25317595.33352.1,Viral
SRR25317595.33421.1,Viral
SRR25317595.33426.1,Viral
SRR25317595.33458.1,Viral
SRR25317595.33539.1,Viral
SRR25317595.33561.1,Viral
SRR25317595.33715.1,Viral
SRR25317595.34050.1,Viral
SRR25317595.34127.1,Viral
SRR25317595.34212.1,Viral
SRR25317595.34509.1,Viral
SRR25317595.34559.1,Viral
SRR25317595.34713.1,Viral
SRR25317595.34985.1,Viral
SRR25317595.35297.1,Viral
SRR25317595.35645.1,Viral
SRR25317595.35757.1,Viral
SRR25317595.36136.1,Viral
SRR25317595.36376.1,Viral
SRR25317595.36855.1,Viral
SRR25317595.36864.1,Viral
SRR25317595.36953.1,Viral
SRR25317595.37287.1,Viral
SRR25317595.37319.1,Viral
SRR25317595.37441.1,Viral
SRR25317595.37611.1,Viral
SRR25317595.37766.1,Viral
SRR25317595.37861.1,Viral
SRR25317595.38177.1,Viral
SRR25317595.38341.1,Viral
SRR25317595.38552.1,Viral
SRR25317595.38756.1,Viral
SRR25317595.38782.1,Viral
SRR25317595.38924.1,Viral
SRR25317595.39083.1,Viral
SRR25317595.39121.1,Viral
SRR25317595.39208.1,Viral
SRR25317595.39304.1,Viral
SRR25317595.39337.1,Viral
SRR25317595.39430.1,Viral
SRR25317595.39510.1,Viral
SRR25317595.39772.1,Viral
SRR25317595.40034.1,Viral
SRR25317595.40244.1,Viral
SRR25317595.40290.1,Viral
SRR25317595.40455.1,Viral
SRR25317595.40496.1,Viral
SRR25317595.40618.1,Viral
SRR25317595.40655.1,Viral
SRR25317595.40719.1,Viral
SRR25317595.40729.1,Viral
SRR25317595.40857.1,Viral
SRR25317595.40949.1,Viral
SRR25317595.40976.1,Viral
SRR25317595.41067.1,Viral
SRR25317595.41125.1,Viral
SRR25317595.41383.1,Viral
SRR25317595.41583.1,Viral
SRR25317595.41651.1,Viral
SRR25317595.41901.1,Viral
SRR25317595.41952.1,Viral
SRR25317595.42011.1,Viral
SRR25317595.42072.1,Viral
SRR25317595.42247.1,Viral
SRR25317595.42368.1,Viral
SRR25317595.42670.1,Viral
SRR25317595.42731.1,Viral
SRR25317595.42862.1,Viral
SRR25317595.42903.1,Viral
SRR25317595.42922.1,Viral
SRR25317595.43581.1,Viral
SRR25317595.43722.1,Viral
SRR25317595.43751.1,Viral
SRR25317595.43756.1,Viral
SRR25317595.43978.1,Viral
SRR25317595.44004.1,Viral
SRR25317595.44027.1,Viral
SRR25317595.44211.1,Viral
SRR25317595.44303.1,Viral
SRR25317595.44329.1,Viral
SRR25317595.44344.1,Viral
SRR25317595.44359.1,Viral
SRR25317595.44393.1,Viral
SRR25317595.44417.1,Viral
SRR25317595.44666.1,Viral
SRR25317595.44682.1,Viral
SRR25317595.45078.1,Viral
SRR25317595.45090.1,Viral
SRR25317595.45340.1,Viral
SRR25317595.45485.1,Viral
SRR25317595.45494.1,Viral
SRR25317595.45741.1,Viral
SRR25317595.45879.1,Viral
SRR25317595.45902.1,Viral
SRR25317595.45903.1,Viral
SRR25317595.45953.1,Viral
SRR25317595.45956.1,Viral
SRR25317595.46427.1,Viral
SRR25317595.46482.1,Viral
SRR25317595.46498.1,Viral
SRR25317595.46500.1,Viral
SRR25317595.46580.1,Viral
SRR25317595.46808.1,Viral
SRR25317595.47165.1,Viral
SRR25317595.47374.1,Viral
SRR25317595.47747.1,Viral
SRR25317595.47779.1,Viral
SRR25317595.47845.1,Viral
SRR25317595.47954.1,Viral
SRR25317595.48203.1,Viral
SRR25317595.48665.1,Viral
SRR25317595.48802.1,Viral
SRR25317595.48906.1,Viral
SRR25317595.49063.1,Viral
SRR25317595.49350.1,Viral
SRR25317595.49391.1,Viral
SRR25317595.49579.1,Viral
SRR25317595.49624.1,Viral
SRR25317595.49760.1,Viral
SRR25317595.50047.1,Viral
SRR25317595.50087.1,Viral
SRR25317595.50166.1,Viral
SRR25317595.50510.1,Viral
SRR25317595.50633.1,Viral
SRR25317595.51201.1,Viral
SRR25317595.51376.1,Viral
SRR25317595.51582.1,Viral
SRR25317595.51752.1,Viral
SRR25317595.51802.1,Viral
SRR25317595.52003.1,Viral
SRR25317595.52092.1,Viral
SRR25317595.52240.1,Viral
SRR25317595.52271.1,Viral
SRR25317595.52577.1,Viral
SRR25317595.52732.1,Viral
SRR25317595.52965.1,Viral
SRR25317595.53125.1,Viral
SRR25317595.53211.1,Viral
SRR25317595.53372.1,Viral
SRR25317595.53405.1,Viral
SRR25317595.53520.1,Viral
SRR25317595.53716.1,Viral
SRR25317595.53726.1,Viral
SRR25317595.53838.1,Viral
SRR25317595.54091.1,Viral
SRR25317595.54245.1,Viral
SRR25317595.54425.1,Viral
SRR25317595.54713.1,Viral
SRR25317595.55497.1,Viral
SRR25317595.55931.1,Viral
SRR25317595.55960.1,Viral
SRR25317595.56258.1,Viral
SRR25317595.56342.1,Viral
SRR25317595.56351.1,Viral
SRR25317595.56395.1,Viral
SRR25317595.57007.1,Viral
SRR25317595.57500.1,Viral
SRR25317595.57581.1,Viral
SRR25317595.57582.1,Viral
SRR25317595.57951.1,Viral
SRR25317595.58379.1,Viral
SRR25317595.58398.1,Viral
SRR25317595.58415.1,Viral
SRR25317595.58519.1,Viral
SRR25317595.59124.1,Viral
SRR25317595.59309.1,Viral
SRR25317595.59388.1,Viral
SRR25317595.59910.1,Viral
SRR25317595.60341.1,Viral
SRR25317595.60473.1,Viral
SRR25317595.60600.1,Viral
SRR25317595.60960.1,Viral
SRR25317595.61079.1,Viral
SRR25317595.61096.1,Viral
SRR25317595.61167.1,Viral
SRR25317595.61274.1,Viral
SRR25317595.61328.1,Viral
SRR25317595.61436.1,Viral
SRR25317595.61441.1,Viral
SRR25317595.61456.1,Viral
SRR25317595.61762.1,Viral
SRR25317595.61813.1,Viral
SRR25317595.62000.1,Viral
SRR25317595.62175.1,Viral
SRR25317595.62343.1,Viral
SRR25317595.62489.1,Viral
SRR25317595.62663.1,Viral
SRR25317595.62778.1,Viral
SRR25317595.63104.1,Viral
SRR25317595.63257.1,Viral
SRR25317595.63369.1,Viral
SRR25317595.63373.1,Viral
SRR25317595.63637.1,Viral
SRR25317595.63810.1,Viral
SRR25317595.63918.1,Viral
SRR25317595.64178.1,Viral
SRR25317595.64265.1,Viral
SRR25317595.64300.1,Viral
SRR25317595.64647.1,Viral
SRR25317595.64801.1,Viral
SRR25317595.64816.1,Viral
SRR25317595.64992.1,Viral
SRR25317595.65122.1,Viral
SRR25317595.65258.1,Viral
SRR25317595.65316.1,Viral
SRR25317595.65534.1,Viral
SRR25317595.65589.1,Viral
SRR25317595.65793.1,Viral
SRR25317595.65805.1,Viral
SRR25317595.65830.1,Viral
SRR25317595.65977.1,Viral
SRR25317595.66007.1,Viral
SRR25317595.66147.1,Viral
SRR25317595.66534.1,Viral
SRR25317595.66620.1,Viral
SRR25317595.66917.1,Viral
SRR25317595.67228.1,Viral
SRR25317595.67244.1,Viral
SRR25317595.67380.1,Viral
SRR25317595.67851.1,Viral
SRR25317595.67853.1,Viral
SRR25317595.68028.1,Viral
SRR25317595.68377.1,Viral
SRR25317595.68397.1,Viral
SRR25317595.68484.1,Viral
SRR25317595.68585.1,Viral
SRR25317595.68598.1,Viral
SRR25317595.68604.1,Viral
SRR25317595.68976.1,Viral
SRR25317595.69033.1,Viral
SRR25317595.69421.1,Viral
SRR25317595.69544.1,Viral
SRR25317595.69830.1,Viral
SRR25317595.70154.1,Viral
SRR25317595.70348.1,Viral
SRR25317595.70452.1,Viral
SRR25317595.70727.1,Viral
SRR25317595.71006.1,Viral
SRR25317595.71093.1,Viral
SRR25317595.71159.1,Viral
SRR25317595.71434.1,Viral
SRR25317595.71571.1,Viral
SRR25317595.71991.1,Viral
SRR25317595.72283.1,Viral
SRR25317595.72582.1,Viral
SRR25317595.72692.1,Viral
SRR25317595.72717.1,Viral
SRR25317595.72744.1,Viral
SRR25317595.72912.1,Viral
SRR25317595.72939.1,Viral
SRR25317595.73081.1,Viral
SRR25317595.73334.1,Viral
SRR25317595.74290.1,Viral
SRR25317595.74312.1,Viral
SRR25317595.74353.1,Viral
SRR25317595.74483.1,Viral
SRR25317595.74503.1,Viral
SRR25317595.74686.1,Viral
SRR25317595.74938.1,Viral
SRR25317595.75335.1,Viral
SRR25317595.75471.1,Viral
SRR25317595.76041.1,Viral
SRR25317595.76084.1,Viral
SRR25317595.76096.1,Viral
SRR25317595.76183.1,Viral
SRR25317595.76560.1,Viral
SRR25317595.76713.1,Viral
SRR25317595.76921.1,Viral
SRR25317595.77058.1,Viral
SRR25317595.77081.1,Viral
SRR25317595.77196.1,Viral
SRR25317595.77243.1,Viral
SRR25317595.77396.1,Viral
SRR25317595.77407.1,Viral
SRR25317595.77487.1,Viral
SRR25317595.77728.1,Viral
SRR25317595.77736.1,Viral
SRR25317595.77967.1,Viral
SRR25317595.78261.1,Viral
SRR25317595.78355.1,Viral
SRR25317595.78401.1,Viral
SRR25317595.78420.1,Viral
SRR25317595.78572.1,Viral
SRR25317595.78750.1,Viral
SRR25317595.79037.1,Viral
SRR25317595.79088.1,Viral
SRR25317595.79134.1,Viral
SRR25317595.79303.1,Viral
SRR25317595.79695.1,Viral
SRR25317595.80335.1,Viral
SRR25317595.80735.1,Viral
SRR25317595.80808.1,Viral
SRR25317595.80942.1,Viral
SRR25317595.81211.1,Viral
SRR25317595.81381.1,Viral
SRR25317595.81385.1,Viral
SRR25317595.81883.1,Viral
SRR25317595.81968.1,Viral
SRR25317595.82061.1,Viral
SRR25317595.82211.1,Viral
SRR25317595.82717.1,Viral
SRR25317595.82992.1,Viral
SRR25317595.83016.1,Viral
SRR25317595.83193.1,Viral
SRR25317595.83234.1,Viral
SRR25317595.83505.1,Viral
SRR25317595.84230.1,Viral
SRR25317595.84302.1,Viral
SRR25317595.84342.1,Viral
SRR25317595.84784.1,Viral
SRR25317595.85958.1,Viral
SRR25317595.86041.1,Viral
SRR25317595.86331.1,Viral
SRR25317595.86726.1,Viral
SRR25317595.86788.1,Viral
SRR25317595.86931.1,Viral
SRR25317595.86962.1,Viral
SRR25317595.87234.1,Viral
SRR25317595.87579.1,Viral
SRR25317595.87695.1,Viral
SRR25317595.87711.1,Viral
SRR25317595.87861.1,Viral
SRR25317595.88087.1,Viral
SRR25317595.88247.1,Viral
SRR25317595.88274.1,Viral
SRR25317595.88309.1,Viral
SRR25317595.88396.1,Viral
SRR25317595.88534.1,Viral
SRR25317595.88791.1,Viral
SRR25317595.88815.1,Viral
SRR25317595.88850.1,Viral
SRR25317595.88872.1,Viral
SRR25317595.89039.1,Viral
SRR25317595.89235.1,Viral
SRR25317595.89323.1,Viral
SRR25317595.89372.1,Viral
SRR25317595.89393.1,Viral
SRR25317595.89461.1,Viral
SRR25317595.89476.1,Viral
SRR25317595.89709.1,Viral
SRR25317595.90042.1,Viral
SRR25317595.90089.1,Viral
SRR25317595.90098.1,Viral
SRR25317595.90243.1,Viral
SRR25317595.90298.1,Viral
SRR25317595.90301.1,Viral
SRR25317595.90659.1,Viral
SRR25317595.90787.1,Viral
SRR25317595.90798.1,Viral
SRR25317595.90979.1,Viral
SRR25317595.91082.1,Viral
SRR25317595.91441.1,Viral
SRR25317595.91497.1,Viral
SRR25317595.91729.1,Viral
SRR25317595.91888.1,Viral
SRR25317595.92058.1,Viral
SRR25317595.92202.1,Viral
SRR25317595.92586.1,Viral
SRR25317595.92606.1,Viral
SRR25317595.92754.1,Viral
SRR25317595.93115.1,Viral
SRR25317595.93229.1,Viral
SRR25317595.93478.1,Viral
SRR25317595.93747.1,Viral
SRR25317595.93774.1,Viral
SRR25317595.93792.1,Viral
SRR25317595.94084.1,Viral
SRR25317595.94126.1,Viral
SRR25317595.94182.1,Viral
SRR25317595.94282.1,Viral
SRR25317595.94712.1,Viral
SRR25317595.94789.1,Viral
SRR25317595.95050.1,Viral
SRR25317595.95060.1,Viral
SRR25317595.95331.1,Viral
SRR25317595.95780.1,Viral
SRR25317595.95787.1,Viral
SRR25317595.95814.1,Viral
SRR25317595.95834.1,Viral
SRR25317595.96383.1,Viral
SRR25317595.96563.1,Viral
SRR25317595.96743.1,Viral
SRR25317595.96908.1,Viral
SRR25317595.97119.1,Viral
SRR25317595.97221.1,Viral
SRR25317595.97453.1,Viral
SRR25317595.97552.1,Viral
SRR25317595.97683.1,Viral
SRR25317595.97741.1,Viral
SRR25317595.97878.1,Viral
SRR25317595.97903.1,Viral
SRR25317595.98021.1,Viral
SRR25317595.98030.1,Viral
SRR25317595.98033.1,Viral
SRR25317595.98096.1,Viral
SRR25317595.98148.1,Viral
SRR25317595.98323.1,Viral
SRR25317595.98393.1,Viral
SRR25317595.98576.1,Viral
SRR25317595.98752.1,Viral
SRR25317595.99010.1,Viral
SRR25317595.99058.1,Viral
SRR25317595.99184.1,Viral
SRR25317595.99712.1,Viral
SRR25317595.99715.1,Viral
SRR25317595.100229.1,Viral
SRR25317595.100242.1,Viral
SRR25317595.100479.1,Viral
SRR25317595.100697.1,Viral
SRR25317595.100869.1,Viral
SRR25317595.101020.1,Viral
SRR25317595.101389.1,Viral
SRR25317595.101650.1,Viral
SRR25317595.101706.1,Viral
SRR25317595.101861.1,Viral
SRR25317595.102070.1,Viral
SRR25317595.102157.1,Viral
SRR25317595.102472.1,Viral
SRR25317595.102573.1,Viral
SRR25317595.102699.1,Viral
SRR25317595.102975.1,Viral
SRR25317595.103100.1,Viral
SRR25317595.103298.1,Viral
SRR25317595.103325.1,Viral
SRR25317595.103478.1,Viral
SRR25317595.103778.1,Viral
SRR25317595.103787.1,Viral
SRR25317595.103898.1,Viral
SRR25317595.103954.1,Viral
SRR25317595.104055.1,Viral
SRR25317595.104171.1,Viral
SRR25317595.104460.1,Viral
SRR25317595.104482.1,Viral
SRR25317595.104568.1,Viral
SRR25317595.104718.1,Viral
